<?xml version="1.0" encoding="UTF-8"?>
<beans xmlns="http://www.springframework.org/schema/beans"
       xmlns:xsi="http://www.w3.org/2001/XMLSchema-instance"
       xsi:schemaLocation="http://www.springframework.org/schema/beans
        http://www.springframework.org/schema/beans/spring-beans-3.0.xsd">
        <bean id="userAction" class="cn.com.nq.spring.UserAction" scope="singleton">
       <!--<property name="manager" ref="userManager"></property> -->
        <property name="manager">
<!--        <ref local="userManager"></ref>-->
            <ref bean="userManager"></ref>
        </property>
        
        <property name="list">
          <list>
            <value>2222</value>
            <ref local="cur"></ref>
          </list>
        </property>
        
        <property name="set">
          <set>
            <value>Hello</value>
            <value>233.2</value>
            <value>222</value>
            <value type="java.lang.String">true</value>
          </set>
        </property>
          
          
         <property name="map">
	         <map>
	            <entry key="a1">
	              <value>afasas</value>
	            </entry>
	            <entry key="a2">
	              <value>33</value>
	            </entry>
	         </map>
         </property>
          
          <property name="props">
             <props>
                 <prop key="x1">ss</prop>
                 <prop key="x2">sss</prop>
             </props>
          </property>
          
          
        </bean>
        <bean id="cur" class="java.util.Date"></bean>
</beans>