<?xml version="1.0" encoding="UTF-8"?>
<beans xmlns="http://www.springframework.org/schema/beans"
       xmlns:xsi="http://www.w3.org/2001/XMLSchema-instance"
       xsi:schemaLocation="http://www.springframework.org/schema/beans
        http://www.springframework.org/schema/beans/spring-beans-3.0.xsd">
        <bean id="userManager" class="cn.com.nq.spring.UserManager" scope="prototype">
	        <property name="driverClass">
	              <value>jdbc.mysql.driver</value>
	        
	        </property>
	         <property name="usernmae">
	              <value>root</value>
	        </property>
	         <property name="password">
	              <value>root</value>
	        </property>
	         <property name="url">
	              <value>jdbc:mysql://localhost:8080/3005</value>
	        </property>
        </bean>
        
</beans>